bundle ID,intent
0,Storage Devices
1,Batteries
2,Local area network for home or office
3,Car sound system and radio set up
4,Based on the high demand.
5,Memory Related
6,"upgrading personal computer desktop
"
7,assembling a desktop
8,Computers
9,Camera and its equipments
10,Camera
11,chargers
12,tablet
13,splitters
14,external storage
15,Power strip adopters 
16,servers
17,Led Light
18,Cables/Cords
19,Travel
20,Multiple Charger
21,assembling a desktop
22,connecting pins
23,mobile purpuse
24,Item 2 may be useful to charge item 6 battery
25,protecting smartphone
26,Headsets and hardware to use it.
27,Headphones and speakers
28,Music player
29,Listening to/Viewing media
30,Pad Cover 
31,video editing
32,RCA To usb
33,Photography
34,protecting a Mac product
35,cable 
36,Home theatre laptop based
37,Accesories for music and video player
38,Headphones and headphone accessories
39,2
40,Dual-Band Wireless slightly same product
41,wireless internet setup
42,HDMI Switcher
43,This both product are connected each other for work
44,different adaptors
45,different battery
46,To buy a usb 
47,Bluetooth Adapter
48,different hard drive
49,camera accessories
50,Items for q camera to work. Along with a camera
51,mouse
52,Computer accessories
53,Tablet Bundle
54,Samsung Galaxy Tab Accessories
55,Tools
56,Camera accessories
57,different external battery
58,tablet and case
59,HDMi Cables
60,Storage disk
61,external storage
62,Audio visual package
63,Tablets and assessories
64,Alternative products
65,assembling a desktop
66,"Item2, Item3,Item4,Item5 and Item6"
67,ethernet cables
68,camera accessories
69,a camera starter pack with protection and extra battery
70,GoPro related accessories
71,For streaming gameplay on Twitch or other streaming sites
72,Cables
73,TV accessories
74,Electronics
75,Memory  Card/USB
76,Power
77,Item 1 accessory for Item 4
78,cowboy studio
79,intrested
80,photo studio
81,Photography
82,Smartphone Cases To protect Smartphones
83,to setup a LAN
84,Phone accesories
85,Router
86,Extending the RAM/ROM to the desktop
87,Kingston HyperX 12GB Kit (3x4GB Modules) 1600MHz DDR3 DIMM Desktop Memory (KHX1600C9D3K3/12GX)
88,CCTV
89,Computer parts
90,"for Cameras, photo or video"
91,studio setup
92,3.5mm jack cabels or adapters
93,accessories for apple products
94,audio and visual connections
95,Computer starterpack
96,different sd cards
97,headphone and accessories
98,Listening to and amplifying music 
99,HDMI PIN
100,Camera accesories
101,network purpuse
102,Computer components.
103,laptop working
104,Nikon D800 Camera
105,different adapters
106,to upgrade a laptop
107,HDMI cables
108,Wifi streaming
109,Networking components
110,computer software fits 
111,screen protectors
112,Microsoft Surface protection
113,making WiFi
114,Protecting an iPad
115,USB/Pendrive
116,Item1 and Item3
117,"car upgrade 
radio and reverse camera"
118,Car tech upgrades
119,Cable connections 
120,Cable and cable adapter
121,Cables
122,HDMI connectivity
123,Car audio setup
124,Vehicle 
125,"buy a tablet and have it protected, with additional memory and without problems of autonomy"
126,Audio/Music
127,GoPro Mounts
128,Video
129,gopros accessories
130,photographer bundle
131,Camera and Photography
132,Mac Displayport Adapter
133,assembling a photo studio
134,for use with a camera
135,ADAPTER
136,Complimentary products
137,Gaming Computer assembly
138,Assembling a desktop
139,all computer accessories 
140,The intent would be to upgrade Personal Computer(PC) or utilizing PC more effectively. 
141,assembling coputer
142,Building a gaming computer 
143,laptop
144,Media / technology 
145,TV and support
146,Camera accessories
147,electronic using
148,Camera
149,every thing we can did in one package
150,Computer accessories
151,different recorders
152,computer accessories
153,tv mounting
154,HDMI cables with adaptors
155,Connectivity to laptop
156,To protect or filter UV rays
157,security camera
158,ACCESSORIES AND PROTECTIVE COVER FOR LAPTOP
159,mobile accessories
160,ASUS Tablet
161,ASUS TF300 replacement
162,Stability
163,Dslr camera accessories 
164,Professional Filming
165,equipment protection
166,Building a desktop
167,camera and accessories
168,camera
169,External devices required for PC
170,ipad cases
171,different gps holder
172,Assembling desktop
173,external memory
174,Camera mounting pack
175,Macbook protection (impact/dust)
176,MacBook
177,Camera accessories
178,computer accessories 
179,Cable and strap
180,Camera storage
181,SAVE PHOTOS ITEM 3 AND 4
182,Cam accessories
183,to build a gamic pc
184,different keyboards
185,keyboards and accessories
186,Thinkpad accessories
187,tablet
188,RAMs
189,PC Cables
190,system parts
191,Computer accessories 
192,Wifi setup
193,Wifi connection with a computer to log on to it with
194,Computer assembly
195,Receiver 
196,Audio Player
197,"1,3,5 complementary products"
198,Camera accessories 
199,Ipad essential
200,smart technology
201,Computer usage
202,sony hx300 starter
203,Traveling and taking photos
204,protecting tablet
205,ALL THE ITEMS ARE RELEVANT SO THESE ITEMS CAN MAKE REASONABLE BUNDLES.
206,camera accessories 
207,Receptor and subwoofer
208,good quality  of sound
209,"DVD writer and cd storage, accessories"
210,Computer Spares
211,To build a PC
212,Desktop CPU Components
213,IPod Parts & Tools 
214,Tomtom accessories
215,Protective cases for LG G Pad Tablet
216,different adaptors
217,Gamer who requires a decent monitor and high-speed WiFi to play online
218,i pod accessories 
219,Ipod and its screen protector and case
220,Accessories for pioneer recevier
221,Micro usb cables
222,Audio Listening.
223,buying a laptop
224,Lenovo Laptop and accesories
225,desktop computer assembly
226,tablet kit
227,external harddisk and cable
228,assembling a PC
229,Computer Components
230,USB cable
231,Antenna set
232,Blu rayer player and cable
233,Unsure
234,mounting TV 
235,Laptop related
236,Music related
237,usb
238,complementary
239,These are the computer accessories
240,this bundle is perfect with and hdmi to make a connection with the projector and the wireless keyboard must like make things easier without having to get infront of the computer and projector.
241,Assembling a Computer
242,assembling a desktop
243,cables and chargers
244,To build a pc
245,keyboard
246,protecting laptop
247,GoPro Related
248,Gopro Accessories
249,more applicable
250,Phone case/compartment/holder
251,Photography
252,Laptop Accessories
253,The user is intending to store work / videos / photos on an external hard drive to make these files portable 
254,gopro starter
255,Nikon camera accessories
256,nikon starter
257,camera accessories 
258,ipod accessories
259,Go Pro Setup
260,external storage
261,different headphones
262,camera accessories
263,assemble a desktop
264,usb speaker alternative product
265,usb cable
266,High scale photography equipment
267,case for tablet
268,both cases
269,This is a camera bundle.
270,Camera carrying
271,Nexus 7 Tablet Accessories
272,nice
273,Setting up an HDMI connection
274,"audio
"
275,camcorder and accessories
276,HANDSFREE HEAD SET
277,BRAND
278,Battery accessories
279,Recording bundle
280,different bags
281,camera accessories
282,ASSEMBLING LOGITECH COMPUTER
283,Flash Photography
284,Camera ans accessories 
285,DSLR related
286,camera accessories
287,electronic sgood
288,Go pro camera and its gadgets
289,protecting laptop
290,Sound and Speaker
291,Battery
292,Adapters
293,technical accessories
294,watching tv
295,different keyboards
296,ALTERNATIVE PRODUCTS
297,Tablet
298,Apple iPad
299,mouse and pads
300,Hand Radio Accessories
301,Antenna
302,complete car speaker system setup
303,assembling a speaker system
304,Photography Accessories
305,Hobby
306,assemble desktop
307,home computer
308,keyboard
309,HDMI cord organization
310,Setup a speaker
311,iPad accessories 
312,Photo
313,Camera accessories
314,filters and holder
315,Internet Connection
316,Laptop Accessories
317,MacBook case
318,Data storage units
319,port
320,tv connectivity
321,HDMI ADAPTER CONVERTER 
322,storage
323,Camera Accessories
324,Camera Accesories
325,USB Drives
326,Computer Components
327,for pc s
328,Electrical components for TV system.
329,complementary products
330,wi-fi
331,apple ipad & apple tv
332,extender with hdmi to dvi cable
333,audio
334,Protecting audio amplifier 
335,Car sound system
336,Speaker Equipment
337,different power supply
338,build WiFi
339,tablet and accessories
340,Connecting electronic gadgets
341,battery support
342,Music Players
343,all connection with laptop and phone
344,Hearing Accesories
345,Speaker parts
346,Tablet and its acceasories
347,GoPro accessories
348,Protecting SD card
349,Headphones
350,CAR AUDIO
351,Computer accessories
352,camera and accessories
353,wireless audio receiver and sound bar for Home audio
354,Bluetooth compatibility
355,Speaker Cable
356,Desktop external drives go with connections
357,Photography equipment
358,Accessories for HP TOUCHPAD
359,audio equipment 
360,touch pad
361,Projector bundle
362,computer accessories
363,Protector/Cover
364,Keyboard
365,Bag
366,Photography / Videography
367,listening music from new laptop
368,"To watch TV, and since Apple TV Requires HDMI, then it makes sense"
369,Photography
370,Compatible tablet and accessories
371,Tab and its accessory
372,Audio recorder
373,Connecting BNC cables
374,Electronic items
375,Ipad protection gear
376,iPad protection
377,Honeywell Products
378,Computers
379,Security
380,Connecting to a computer
381,Protecting apple laptop
382,Case for macbook
383,Television Accessories
384,Making a computer
385,Networking (ethernet)
386,SD Card reader
387,To purchase devices that receive tv signals.
388,cases for tablets
389,ipad protection
390,TF700T Accessories
391,For Wall Mount LED TV
392,All the items are co-related
393,camera and accessories
394,they are all parts for computers
395,Desktop asembling
396,Photographer Kit
397,mobile device protection and cleaning
398,screen protector for tab
399,Create high quality picture
400,camera accessories
401,adapters
402,photography equipment
403,CPU Assemble parts
404,Audio video TV accessories
405,Desktop Computer
406,Both are front and back protective cover for the IPAD
407,camera accessories
408,laptop and laptop case
409,video cables
410,Traveling with computer
411,CDs and CDs cases
412,assembling a desktop
413,Camera and accessories
414,"videography, editing and production"
415,Both items are complementary to be used for a television installation.
416,"sony camcorder and case, charger"
417,apple ipad and accessories
418,making speakers
419,Iphone utility tool
420,Useful items for a Camera
421,memory card
422,RADAR Detector Kit
423,Car mounting equipment
424,gps and accessories
425,camera cases
426,camera and accessories
427,HDMI Switcher
428,we can find everything in the same package
429,Camera and accessories
430,tablet cases
431,These items are complementary. They are individual components that are used to build a computer.
432,Different types of connector cables
433,Smart Monitor Bundle
434,accessories
435,Go Pro bundle
436,Camera lens bundle
437,Home surveillance
438,security
439,To build / repair a pc
440,Male-female socket terminals 
441,DVD drive for laptop
442,Memory
443,Camera parts
444,Computer and Accessories
445,Speaker
446,iPad and protective covers
447,Nook Protection
448,"MacBook Pro 13.3"" with Retina Display A1502 and A1425"
449,Computer Accessories
450,Music accessories 1
451,power outlet
452,amplifiers
453,Headphones
454,tablet accessories
455,Acer tablet with protective screen
456,Camera lenses
457,USB devices
458,Camera
459,vechile tracking and camera recording devices
460,Cable
461,Desktop set up
462,Car AV system
463,accessories for camera
464,Peripherals for a GPS system
465,you may need adapter in some countries
466,Items
467,Computer
468,Misc
469,Sound box
470,Tuning noise controller
471,Car radio components
472,tablet cover
473,carring case for notepad.ipad etc
474,phone touchscreen protectors
475,UPS Power
476,Computer accessories and assembly
477,Camera
478,it is solid device 
479,To assemble a mini-computer (raspberry pi) as well as having accessories to go with it for computer use
480,Raspberry Pi
481,portable audio listening devices
482,Home Theater
483,soundbar
484,2 different types of headphones
485,assembling a desktop
486,for ipad protection
487,Audio system
488,Setting up a TV or Monitor
489,computer
490,high technolgy upgrade
491,camera and accessories
492,Maintenance for camara
493,Tie HDTV antenna cables
494,photography
495,Photographic items
496,Card reader related items
497,Photo shoots
498,Photography
499,LCD Anti-Glare Screen Protector Cover Kit
500,Barnes & Noble NOOK
501,car stereo system
502,Radio kits
503,different cables
504,laptop protection
505,PC accesories
506,GoPro 
507,Assembling a vehicle audio
508,car stereos
509,On the go electronics
510,protecting tablets
511,tablet protection
512,Photography
513,streaming media internet connection
514,Camera and accessories
515,Battery and charger
516,camera and accessories
517,Battery
518,cables
519,Connecting the 5.1 Audio System to some Receiver or Television
520,Home Desktop usage
521,Laptop and communication cable accessories
522,Tablet Mount
523,stand for camera
524,Hard disk
525,Accessorizing car
526,Backup data
527,Everything goes together to improve/upgrade a vehicle
528,3D Glasses
529,Computer accessories
530,External HD Bundle
531,Cases
532,tablets and accessories
533,Camera assembling
534,CAMERA/CAMECORDER SAFETY EQUIPMENTS
535,setting up a network
536,for audio video setup
537,protecting samsung galaxy tab 3
538,Phone Accessories
539,different tablets
540,Related to same user
541,All of these items are car related and can be used in a car at the same time.
542,Internet connection
543,Building a computer unit
544,laptop or desktop computer accesories 
545,Galaxy note with Cover and SD Card will be a perfect package
546,Projector and Projector lamp
547,Cables for video I/O
548,"2,3,5,6 are complementary products 1,4,7 are alternative products"
549,Car accessories/parts
550,Consuming media in car
551,home cinéma installation
552,Protective cases for Apple ipad
553,tablet with protection and bag
554,car electronics
555,external storage
556,Photography Equipment
557,mobile and  i-pad protector
558,Camera Lighting
559,LCD
560,screen protector
561,Professional Camera and Accessories
562,Using a Blu Ray player
563,Blueray player setup
564,Camera
565,home networking
566,Useful for playing an e-sports or video games
567,Car accessories
568,Computing
569,computer hardware
570,watching TV
571,TV accessories  
572,Desktop Computer
573,drive
574,computer hardwares
575,nas and hard drive
576,To take photographs 
577,camera accessories
578,Sirius reception
579,Create electrical fuse box
580,Audio Converters
581,Electrical Hookup Accessories
582,tablet and accessories
583,Windshield 
584,Audio accessories
585, Audio Cable
586,digital camera
587,Memory Card
588,CAMERA ACCESSORIES
589,flash
590,lens
591,Photography
592,micro storage
593,SD cards
594,high quality
595,different cables
596,Routers
597,"To protect an ipad and change covers periodically.
"
598,Digital camera
599,Battery Charger for the Video Camera
600,Storage Device
601,protecting ipad
602,sound systems for all kind of gadgets
603,Technology required for video output
604,Power Strips
605,Movie Night
606,Desktop computer accessories
607,Audio/music tech
608,Solid state drives
609,Hard drives and SSD for PC
610,They are all screen protectors
611,Screen protection 
612,Computer related
613,Protecting Digital Camera & Saving Images
614,Operating Laptop via Wireless Mouse
615,Connecting DVR to Screen
616,Laptop bundle
617,computer cables and accessories
618,GoPro HERO3+ 
619,Phone extensions
620,use speaker farthest from the device
621,car audio accessories
622,All product are related to each other for functionalityty
623,Video Projector Set
624,camera accessories
625,Data storage
626,Streaming
627,"Listening to music, seemingly in a higher quality manner than normal earphones/stereo listening."
628,audio equipment
629,Photo equipment
630,Ipod
631,Radio with lightning dock
632,Laptop and protection of the device
633,Hard Drive Enclosure
634,"1,3,5 complementary products "
635,Media cables
636,Camera accessories
637,cables
638,camera
639,wifi
640,power
641,Computer internal components
642,protecting smartphone
643,computer accessories
644,Camera and accessories
645,home streaming
646,Tablet with Protective Cover
647,external storage
648,case for ipod
649,case for tablet
650,Photography
651,screen protectors
652,laptop Technology
653,making home theater system
654,PC building
655,desktop computer assembly or repair
656,window fan
657,Item 3 could be used in conjunction with item 4
658,Camera accesories
659,Laptop and accesories
660,gaming computer assembly
661,building car audio system
662,Cables
663,Desktop accesories
664,listening audio
665,trying out earbuds
666,Installing a router
667,cable
668,The user is intending to stream movies from their laptop to another screen / TV as well as installing a basic TV antenna service 
669,monitor to pc 
670,Tablet and leather case for said tablet.
671,Cable modem
672,Cisco Routers
673,Buy a new reflex with several accessories
674,Dslr Camera and its accessories 
675,listening to music
676,making speaker
677,building a home desktop with internet
678,camera accessories
679,Data storage and communication 
680,Security System
681,high brand
682,usb cable
683,Apple product accessories
684,expand iPad functionalities
685,running siren even while power goes off
686,Security system installation 
687,One backpack they all put in the back.
688,camera tools
689,headphones
690,Speakers
691,hard drive
692,Computer parts
693,camera
694,Computer/laptop
695,playing music 
696,"1,2,3 an 5 is same "
697,keyboard and connector
698,portable adopter
699,Antenna
700,Cable
701,Monitor and accesories
702,Dual monitors with a stand and dual graphics cards.
703,useful accessories
704,internet connectivity
705,charger
706,pc skin
707,adapter
708,Cable for the Adapter
709,USB Cable
710,Photography
711,Small computers
712,speaker accessories
713,Assembling PC Desktop
714,Cooling fans for CPU
715,Studio Lightning
716,PC and phone peripherals
717,desktop hard disk
718,pc building
719,computer cases
720,headphone and speakers
721,traveling with electronics
722,electronic cables
723,av equipment
724,tablet and laptop backpack
725,"all electronics
"
726,Connecting via USB port
727,camera gadgets
728,For flash photography
729,2
730,Protecting ipad
731,MOUSE
732,adapter caver
733,Computer Accessories - assembling desktop
734,Build  a PC
735,Battery and Charger
736,Using these items to perform DJ duties
737,watching a movie/tv
738,listening to music
739,Monitors Set
740,Monitors
741,apple devices connection and charging
742,Wireless and internet product installation
743,SET FOR LIVINGROOM
744,camera and accessories
745,Hdmi connector and hdmi cable we can use both at the time of use
746,Tablet protection
747,build WiFi
748,build WiFi
749,different switch
750,external storage
751,Samsung Galaxy
752,Audio Interface
753,different tablets
754,The product and the case
755,They are buying hardware for a sound card adapter 
756,Creating a Home Studio
757,Dell laptop 
758,items found in car
759,internet tv
760,pc accessories
761,CD disc spindle
762,Assembling a Audio system
763,Instruments used in for sound improvement
764,Monster cable power surge protection
765,pc test
766,Computer setup
767,Computer Fix / Repair 
768,Computer with HDMI
769,Upgrading a Laptop
770,Protecting Iphone and Mac
771,upgrading Macbook Pro 13.3
772,cpu components
773,audio accessories
774,Fan related
775,cable
776,Mobile phone accessories
777,ITEM4 AND ITEM9 ARE FOR ASSEMBLING UNIT
778,Recording your voice
779,Assembling a Raspberry Pi
780,computer accessories
781,Hard Drive
782,WIRELESS PRODUCT
783,Car accesories 
784,Phone Accessories 
785, assembling desktop
786,Parts to upgrade or start building a desktop computer 
787,Photography
788,Camera
789,watching tv
790,Key board
791,All of these things will allow the buyer to be more efficient in taking pictures as well as uploading them to a computer or CD. 
792,camera and accessories
793,camera and accessories
794,Media Storage
795,Car equipments 
796,Bluetooth devices
797,much likeable one
798,keyboards
799,Car speaker system and multimedia setup
800,alternatives to connect a computer to a HDTV
801,accessories for a MacBook Air
802,adapters
803,different power supply
804,different power supply
805,they are all electronic items. thank you
806,Camera and its accessories 
807,Electronics
808,complete set for listening and recording audio and television 
809,Data storage units
810,Camera & accessories
811,Car Accessories
812,car accessosiers 
813,Screens 
814,laptop and tech bundle.
815,for video call 
816,Parts of a computer 
817,different accessories
818,camera equiptment
819,camera accessories
820,camera accessories
821,Digital Photo Frame + USB for photos
822,USB stick 
823,Unsure
824,accident protection on a pc
825,Camera cards
826,"1,2,5 are complementary products"
827,connector
828,Laptop user
829,BT adapter
830,Storing memory for you computer devices
831,drives
832,power supply
833,pc build
834,Streaming
835,Net repair kit
836,Camera studio bundle
837,Laptop accessories
838,Accessories for Nikon Camera
839,assembling a desktop
840,to listen quality audio and stream internet 
841,different tablets
842,Photography Accessories
843,"Had a bug here, lost 45+ minutes, i'm so angry with ur code: \n https://drive.google.com/file/d/1sIY3Pk2UOg2H1BDGYqZWJOiiIUlWh8HF/view?usp=sharing"
844,Tablet and accesories
845,Cases
846,Memory banks
847,Wiring ethernet cable and hiding the wires so you do not trip over them. Likely to be used in an office setting.
848,types of ethernet cabels or pins
849,different binoculars
850,watching tv
851,camera and accessories
852,assembling a desktop
853,different headphones
854,user wants power adapter with battery
855,Audio Devices
856,Computer Accessories
857,apple device protection
858,vehicle recording 
859,radio antenna 
860,different cables
861,adapters
862,music players
863,car interior 
864,Replacement Laptop Battery
865,electronics
866,Listening to music
867,Speaker and Power Cord
868,cable and Stereo Cable Box
869,TV
870,Device charging
871,Computer accessories
872,field videography
873,"MacBook Air 13"" accesories"
874,Camera accesories
875,computer hardwares
876,display cables
877,setting up surveillance system
878,"CD reading, writing and case"
879,CD storage
880,HDMI Switches
881,Laptop Spares
882,Cables
883,ipad Accessories
884,"FOR LAPTOP MODEL (IBM ThinkPad X61 7679) - ITEM1, ITEM7  ARE REPLACEMENT PARTS, AND ALSO ITEM2 IS OPTIONAL PART"
885,Point and shoot bundle
886,media storage
887,DVD portable player
888,computer accessories
889,Ear Headphone
890,Raspberry Pi  accessories
891,taking and editing videos or photos
892,computer desktop
893,Different types of connector cables
894,Different types of monitors
895,galaxy tab accessories
896,assembling desktop computer
897,NAS Storage Array
898,assembling a desktop
899,camera lens
900,All camera accessories 
901,different cables
902,different cables
903,Repair disk
904,camera accessories
905,Building a Computer
906,Data storage
907,T-MOBILE ACCESSORIES
908,computer accesories
909,protecting ipad
910,different cases
911,power supply for laptops
912,power supply and cables
913,Desktop Cable
914,Mounting a Ceiling Monitor TV
915,assembling a desktop
916,Nikon Camera Equipment
917,Nikon Camera Lens and accessories
918,Computer Hardware Installation
919,mp3 video players
920,ipad accessories
921,tablet stand
922,assembling of computer r
923,adapter
924,Desktop essentials
925,computer
926,memmory devices
927,TV and accessories
928,ethernet cable
929,Conference/Server room
930,Headphones 
931,sony brand
932,assembling a desktop
933,different hard drive
934,Filming
935,Equipment Tripods/Stands
936,external storage
937,camera accessories
938,cover case
939,Protecting Tablet
940,ipod and accessories
941,computer accessories
942,battery
943,camera and accessories
944,peripherals for laptop/desktop
945,Phone products
946,Photography
947,wireless keyboard and mouse
948,VGA adaptors
949,Tablet accessories 
950,router and accessories
951,Display connectors
952,accessories 
953,Electrical consumables
954,Laptop build
955,buying an hard disk and a protection for it
956,ipod nano and accessories
957,assembling a desktop
958,protecting ipad
959,Protecting DLSR 
960,Operating Tivo stream unit
961,Protective Cases for Gadgets
962,Cover for iPad
963,camera accessories
964,Computer Hardware
965,Charging
966,PC Accessories
967,Flip Recording and Uploading
968,Protect and use iPad Mini 
969,HDMI storage 
970,Protecting a device
971,Networking
972,AV setup
973,Both routers
974,RCA cables to use with the bluetooth speaker
975,Photography
976,Camera accesories 
977,Storage
978,assembling computer
979,watching dvds on at tv trought a desktop
980,assempling a desktop
981,photography accessories
982,minor desktop upgrade
983,Desk setup
984,Audio Equipment
985,HDMI connection
986,Sound system 
987,computer accessories
988,possible dj equipment
989,Power backup
990,Portable Audio mixing kit
991,Photo Equipment
992,nice
993,protecting macbook
994,good picture lightings
995,"TRAVELING, ADAPTERS AND TO CONNECT A SMARTPHONE TO a tv or laptot and make things easier"
996,Adaptor
997,TV Streaming setup
998,Speaker Accessories 
999,Apple keypad and trackpad
1000,Mac Accessories 
1001,Internet Items 
1002,Apple Desktop bundle
1003,Building a PC
1004,assembling a desktop
1005,camera and accessories
1006,memory card
1007,Computer accessories
1008,cctv connection
1009,headphones
1010,camera supplies
1011,protecting ipod
1012,protecting ipad
1013,Burner replacement
1014,Cable spare parts
1015,aaassembling a desktop pc
1016,Camera accessories
1017,for using camera for better performance
1018,backup memory (complementary products)
1019,Gaming monitor and PC remote
1020,make digital photos
1021,usb cable
1022,mechanical keyboard
1023,Watching a movie
1024,camera and accessories
1025,external storage
1026,SMARTPHONE ACCESSORIES
1027,Sound system
1028,Memory card
1029,Laptop Accesories
1030,cd player
1031,keyboard
1032,nice quality laptop to buy
1033,Digital Camera
1034,ethernet cable
1035,micro card and card reader
1036,reasonable accessories
1037,Laptop Package
1038,Audio Devices
1039,SD Cards
1040,cables
1041,Photography Accessories
1042,Yes that is related because the user can take video and edit with macbook
1043,Laptops
1044,Keyboard
1045,Display
1046,"3,4,5 and 8 product is same,
1,2,6,7 and 9 product is same."
1047,All items related to camera & photo and are complimentary products
1048,GoPro and accessories
1049,All the products related MacBook
1050,Ethernet cable
1051,Data saver
1052,Computer Storage and Networking
1053,Listening and Managing Music
1054,different adapters
1055,battery
1056,Camera
1057,video coverage kit
1058,entertainment
1059,Tv wall  mount 
1060,Protecting music player
1061,Protection for Nook
1062,Laptop/pc peripherals
1063,Music
1064,camera and accessories
1065,streaming
1066,Ram
1067,Battery and charger 
1068,desktop computer assembly
1069,different laptops
1070,Crafting an RC Car
1071,power steering repair/upgrade
1072,Desktop Computer
1073,assembling a desktop
1074,Computer Parts
1075,Play music in TV
1076,Different types of wifi
1077,different styles of lense
1078,Radios
1079,Photography
1080,"parts for a desktop pc, assembling."
1081,Computer Components
1082,Items for a camera
1083,Computer storage solutions
1084,pc building components
1085,Ipad covers
1086,The items are all accessories for a device
1087,tablet accessories
1088,Accessories of laptop
1089,Buy a new laptop with more RAM space and a mouse
1090,photography
1091,Camera and accessories
1092,projection TV accessories
1093,home theater
1094,Assembling a cpu
1095,male to female extension  cable
1096,adapters
1097,camera accessories
1098,Protecting Macbook
1099,computer set up
1100,LED HDTV
1101,Charge Cables and camera sets 
1102,security surveillance assembly
1103,Are into music
1104,computer accessories and storage
1105,Building a computer
1106,alternative antennas
1107,connect a desktop to a display
1108,TV accessories
1109,Sound system package
1110,content streaming from mobile devices 
1111,camera accessories
1112,Hard Drive expansion for Desktop PC
1113,TV Samsung
1114,Octagon Umbrella Speedlite Softbox
1115,Photography Studio
1116,watch media on devices 
1117,hard drive and accessories
1118,Tab Protector
1119,Samsung Galaxy Tablet protection
1120,Canon Rebel Accessories
1121,camera setup
1122,Apple products
1123,Laptop accessories
1124,for my pc
1125,RCA adapter
1126,Accessories for photographers
1127,voice recording
1128,Protecting ipad
1129,Protecting apple macbook pro
1130,Laptop cover
1131,Anti-dust plug cup and fine point stylus
1132,Home recording.
1133,Desktop accessories 
1134,Audio & Video complete set
1135,Office Storage kit
1136,receiver and cables
1137,receiver and cables
1138,different audio cables
1139,different cases
1140,making speakers
1141,USB Dok
1142,nice 
1143,Setting up satellite TV dish
1144,cooling fan
1145,assembling a pc case
1146,Complementary
1147,pc and extra ssd
1148,different cables
1149,macbook cases
1150,camera accessories
1151,macbook accessories
1152,2
1153,Alternative products
1154,MP4 player and SD card
1155,protecting smartphone
1156,Car audio system
1157,cable management
1158,protectors for mobile devices
1159,Networking components
1160,tablet accessories for ipad
1161,competing items
1162,style
1163,camera
1164,Photography Equipment
1165,MSI Computer
1166,Build a computer
1167,different hard drive
1168,Charger for Electronic Devices
1169,Radio Accessories
1170,Home Security
1171,wireless camera lens and mounting
1172,"Item 1,2,3,4,5,6 are complementary products"
1173,Camera and accessories
1174,Cases
1175,Battery
1176,Computer parts
1177,"building a pc
"
1178,cpu assemble products
1179,Cooling
1180,Accessories for samsung galaxy tab 2
1181,System Accessorizes 
1182,Ipad accessories
1183,USB cable
1184,Assembling gaming computer
1185,MIni ITX PC build
1186,system accessories
1187,part of connecting cables 
1188,alternative products
1189,Tripod and Rechargeable Li-Ion Battery are often bought together as camera accessories  
1190,bluetooth adapter
1191,Phone users
1192,Storage devices and connector
1193,Recording purpose
1194,essential uses
1195,pc gadget
1196,assemble a PC
1197,TV VCR wall mount
1198,camera bundle
1199,computer accessories
1200,To read or write data to SD card
1201,Establish a connection to thunderbolt drive
1202,Setting up surveillance 
1203,Listening to music
1204,tablet protectors
1205,Microsoft surface
1206,iPad 
1207,EnGenius Technologies
1208, V1810-48G Ethernet Switch
1209,smartphone accessories
1210,smartphone accessories
1211,cable
1212,Monitor installation
1213,chase connectivity
1214,tv support
1215,Literary 
1216,tablet/ereader
1217,apple products
1218,streaming devices
1219,Laptop Bundle - can cast laptop using chrome cast 
1220,mac accessories 
1221,Media Bundle
1222,PC build
1223,usb cable
1224,Hard drive
1225,IPAD and related accessories
1226,memory card for tablet
1227,setting up wifi
1228,Camera accessories
1229,Frame + storage
1230,Camera and accecories 
1231,Camera Accessories
1232,different cables
1233,different cables
1234,different cables
1235,buying a new camera and accessories
1236,They're all keyboard case covers.
1237,LED TV
1238,watching tv
1239,mouse and keybord
1240,Needed for operation.
1241,Accessories for a HP laptop
1242,Protecting google nexus 7
1243,Portable Music (MP3) and movie watching
1244,digital sound bundle
1245,Tripods
1246,Camera accessories 
1247,Camera lenses
1248,Cc tv camera
1249,Assembling a PC
1250,"Saving files, photos, datas"
1251,Increasing storage capacity
1252,Protecting PC from power surges and power failures
1253,sound
1254,camera and accessories
1255,assembling security camera
1256,tablet
1257,Digital camera
1258,Cables
1259,camera and accessories
1260,different cables
1261,Purchasing device and accessories for taking videos and pictures
1262,Cannon accessories
1263,building a new computer
1264,Camera and Memory Card
1265,Garmin Bundle
1266,router with protection
1267,Charging a camera and taking/storing professional photography.
1268,Batteries
1269,different sd card
1270,binoculars and accessories
1271,different strip
1272,Power bank and cable 
1273,Using iPad as computer
1274,Book reading
1275,computer/PC build 
1276,CCTV Setup
1277,listening
1278,Assembling a PC
1279,"The customer's intent is what those keywords or queries are really ... Transactional – The user is prepared to buy or to perform some other specific online activity. The basic idea is that everyone who performs an Internet search has a ... be designed to match the user's intent, not just to pitch your product."
1280,Installing earoads on headphones
1281,for music
1282,A new tablet and protection for it
1283,Assembling a Desktop
1284,building a desktop
1285,  laptop processor with laptop gb
1286,I pad accessories
1287,Card reader
1288,Network Station Assembling
1289,raspberry
1290,Raspberry Pi 8GB Preloaded (NOOBS) SD Card and Micro USB Power Supply Charger
1291,Cannon Camera accessories
1292,ASUS Transformer
1293,VGA
1294,Similar item
1295,SD / HD
1296,camera accessories
1297,I see two different subsets. The first subset is two items are the tablets. The second subset are the SD card and the surveillance camera.
1298,Tablet
1299,external storage
1300,tablet accessories
1301,upgrading/enhancing/protecting a Tablet.
1302,Protecting Barnes & Noble Nook
1303,Wireless adapter assembly
1304,These products are used for connect a computer.
1305,camera accessories
1306,External Hard Drive
1307,DVR
1308,camera accessories
1309,camera accessories
1310,Pc assembly
1311,assembling a desktop computer
1312,HDMI cables
1313,Computer accessories
1314,USB
1315,assembling camera parts
1316,digital camera protection and memory
1317,Video signal converter
1318,associated connectors for the products
1319,Protecting Ipad
1320,Tablet and accessories 
1321,computer repair
1322,Storage devices
1323,Audio video cables
1324,laptop batteries
1325,All products are computer based things
1326,Tablet accessories
1327,Mouse (wireless and wired)
1328,SPACE
1329,Flash card and storage
1330,Camera Equipment
1331,tablet and accesories 
1332,Assembling a pc
1333,For tv
1334,Computer accessories
1335,Headphones
1336,Camera Accessories 
1337,Headphones
1338,Ethernet
1339,PC/Laptop
1340,Electric plugs
1341,Camera Gear
1342,photography
1343,Audio
1344,TV setup
1345,audio devices
1346,USB extension
1347,cables
1348,SOme kind of electronics setup
1349,Cd and case
1350,Video stabilizer and  cables
1351,IPAD ACCESSORY
1352,Canon battery
1353,I pad mini case and screen protector
1354,PC Accessories
1355,This would be great bundle for someone in photography  
1356,digital camera
1357,laptop accessories
1358,headphone with audio parts
1359,Audio car system
1360,CAR SOUND SYSTEM
1361,"To have and store cables
"
1362,charging apple products
1363,"By purchasing this bundle you are getting an all in one for you IPad. You receive a travel bag, cases for the IPad(s) and a wireless mouse to connect to. "
1364,device protection
1365,GPS navigator and accessories
1366,"upgrading their laptop performance, and wifi connectivity at home 
"
1367,Store Data
1368,photography
1369,Video Accessories
1370,surge protector
1371,digital camera accesories
1372,JUNCTION BOX
1373,Desktop maintenance
1374,Computer parts 
1375,Thermal paste is essential in processor installation 
1376,Assembling a desktop computer
1377,home cinema and projector
1378,quality
1379,car stereo upgrade
1380,Good for computer set up 
1381,Installing Internet TV
1382,external storage
1383,cd storage
1384,Necessary tools for Photographer.
1385,SD Cards
1386,protecting a iPad
1387,Roku and Accessories
1388,Camera Accessories
1389,FOR PROTECTION AGAINST LOST DAMAGE
1390,Headphone
1391,Different protection cases
1392,assembling a desktop
1393,Build a computer
1394,Laptop & accessories
1395,Headphones
1396,different cables
1397,security systems
1398,light
1399,CCTV camera
1400,set 1
1401,Person is buying accessories for a tablet.
1402,Laptops
1403,Building a pc
1404,Computer
1405,protecting tablet
1406,cd storage
1407,Walkie Talkies and Accessories
1408,Computers Parts
1409,memory 
1410,Protecting and enhancing a Laptop
1411,Assembling a Camera
1412,items for camera
1413,computer and accessories
1414,Camera case
1415,camera device
1416,Camera Accessories
1417,Protecting camera
1418,Canon Powershot bundle
1419,connectivity
1420,storage disc
1421,different USB hubs
1422,different cables
1423,All items to be used as accessories for PlayStation
1424,Audio
1425,Infra red/Signal
1426,Tablet Accessories
1427,computer accessories
1428,TV brackets
1429,Amazon kindle
1430,Audio
1431,It has a case for the table and different cords to make some kinda of connection. This bunddle make sense
1432,phone attach
1433,Umbrella Types
1434,Photography 
1435,GPS and Accessories 
1436,GPS Navigators
1437,different cables
1438,antenna 
1439,cover
1440,security system with video
1441,Assembling radio communication
1442,storage device
1443,different cables
1444,Laptop Cooling Accessories
1445,Assembling the PWM fan
1446,tablet and accessories
1447,camera accessories
1448,headphones
1449,camera items
1450,Tablets
1451,Case cover
1452,protecting tablet
1453,PC peripherals
1454,input controls
1455,mouse is same 
1456,wire and pin is connect
1457,BATTERY
1458,Purchasing equipment for photography
1459,camera bag
1460,These are similar products and inbuilt used.
1461,computer uses
1462,Subset
1463,"In the photo 3-4-5 there was a purchase of a camera, memory to store photos to put in the camera and a case for the camera"
1464,portable storage
1465,travel gear
1466,Laptop gadgets
1467,photography equipment
1468,TV antenna accessories
1469,"Both are 3.0 cable modems, same type of products"
1470,camera and accessories
1471,Parts one can use for a desktop
1472,Building a computer
1473,Home tv setup
1474,SD Cards
1475,Disc BUNDLE
1476,HDMI Cable with Ethernet
1477,store information
1478,New Tablet Purchase 
1479,SPEED
1480,Accessories for Galaxy Tab
1481,SD Cards
1482,Memory Expansion for Mobile Device
1483,link video devices 
1484,TV system
1485,Metra fixings
1486,USB devices
1487,Smart TV additions
1488,Toyota radio upgrade
1489,multimedia tv setup
1490,assembling a desktop
1491,Building a computer and entertainment to go with it. 
1492,listening to music
1493,camera and accessories
1494,hard drive storage and case
1495,external storage
1496,camera and accessories
1497,assembling a desktop
1498,assembling desktop PC
1499,Samsung tab and case
1500,Storage
1501,To protect the tablet and to expand its memory
1502,Protections for iPad
1503,tablet case
1504,HDMI adapter
1505,connectivity
1506,mobile accessories
1507,camera accessories
1508,Cables
1509,Desktop accessories 
1510,iPad keyboard cases
1511,camera and accessories
1512,underwater photography
1513,storage
1514,Storage and data backup
1515,memory card 
1516,kit photo
1517,Tripod
1518,Desktop
1519,Television
1520,smart tv
1521,Assembling desktop
1522,cable
1523,Using a laptop as a desktop.
1524,gender changer adapters
1525,storage
1526,Computer Hardware
1527,External Hard Drive & Related Accessories
1528,headphone
1529,photography
1530,cables
1531,USB port splitter
1532,Expansion of cable input
1533,The user is intending to travel and will need some of these devices to make their journey more comfortable
1534,headphones
1535,The bundle is made for people who work in the world of radiocommunications
1536,GoPro
1537,Ipod
1538,usage of GoPro HERO3
1539,Camera Items
1540,camera accessories
1541,Pc accessories
1542,Audio
1543,tripod
1544,for packaging
1545,Bag/storage
1546,These items have been bought for the intent of trekking or during travel
1547,Camera accesories
1548,Wireless Speaker
1549,streaming player
1550,Media player
1551,GPS navigator and case
1552,Photography accessories 
1553,cameras
1554,dancing water
1555,case for tablet
1556,CAR DECORATION
1557,coaxial speakers and stereo receivers for car audio
1558,external storage
1559,"This is a bundle for a photographer who wants to be equipped not only with a camera but also with accessories such as a lens, extra batteries and a flash light and to have a bag to carry all that."
1560,accessories for photography
1561,Monitors
1562,Assembling a desktop
1563,Computer parts for assembly
1564,storage devices
1565,Wifi at home
1566,bundle for entertainment audio/video system
1567,Watching Blu-ray discs
1568,Security bundle.
1569,Computer attatchments
1570,Canon Camera accessories
1571,Taking pictures and storing on external hard drive
1572,tablet and accessories
1573,"assembling a computer
"
1574,computer mother board equipment
1575,Storing presentations with the laptop
1576,different backing boards
1577,different graphics cards
1578,price
1579,ipad protection
1580,charger
1581,hard drive
1582,camera lens
1583,Apple TV device
1584,item1 and item2
1585,Laptop products
1586,usb
1587,speaker
1588,tv mounting
1589,Wall monitor
1590,multimedia kit
1591,Digital camera
1592,gadget bag
1593,Carrying Case
1594,Hard drive and protection accessories
1595,charger
1596,Ipad tablet accessories 
1597,Computer accessories
1598,different adaptors
1599,different watches
1600,Tablet Accessories
1601,TV Box/Streaming Box
1602,galaxy tab and protection
1603,different monitors
1604,camera accessories
1605,survillence kit
1606,photography
1607,computer assembling
1608,projector 
1609,Panasonic Lumix DMC-FZ30K Digital Camera
1610,Tablet or computer protectors
1611,ipad mini
1612,screen protector
1613,ipod nano
1614,better performance for camera lens
1615,Storage media
1616,Products that belong to with a Canon Camera
1617,headphones
1618,car gps
1619,Toshiba mini and case
1620,tab and laptop complementary products
1621,The user intent is to buy something related to security cameras system or the system itself
1622,Camera backpack
1623,Flash Memory Card and Sandisk Memory Card 64g
1624,memory 
1625,Battery and chargers 
1626,Data travelers
1627,making videos
1628,Camera
1629,Memery cards and accessories
1630,All related to taking and storing professional photos.
1631,Setting up a radio anthena system
1632,Photography
1633,Car audio
1634,Guitar related
1635,Camera
1636,Photography
1637,cable extender
1638,Data transfer
1639,DSLR Camera
1640,storing tablet for travel
1641,headphones and accessories
1642,Photography
1643,computer accessories
1644,external storage
1645,ear bud
1646,Apple iPod shuffle 2 GB
1647,HDMI connection
1648,Wifi
1649,Mounting a PC
1650,Cable
1651,Keyboard
1652,plate
1653,Fotodiox Macro Reverse Ring Camera Mount Adapter and Rechargeable Battery for Canon
1654,storage items
1655,connecting cable
1656,Camera  kit
1657,photo set
1658,CD and its case
1659,laptop with wireless mouse
1660,cooling fans
1661,desktop assembling
1662,car gadgets
1663,Tab accessories 
1664,Accessories  for ipod
1665,Assembling a desktop pc with peripherals
1666,webcam station
1667,Assembling PC Desktop
1668,camera and accessories
1669,Camera equipment and accessories
1670,audio system
1671,"For an audiophile who needs professional equipment, all in one bundle"
1672,protect iPad
1673,connection Purpose
1674,listen to music
1675,smart room upgrade
1676,professional computer peripherals
1677,computer related
1678,assembling a computer
1679,Desktop assemblers
1680,Make a PC build whit all the items
1681,Adapter
1682,LED
1683,LED/LCD TV
1684,cable and monitor
1685,CREATRE A DIPLAY UNIT
1686,carry their data with them in style
1687,Accessories for ipad
1688,TV/Electronic Wires
1689,All items related to better use of tablet pc
1690,Earbuds
1691,Seems to be a complete set up for building a desktop computer. Just missing RAM and a graphics card if required. 
1692,SMARTPHONE INPUT DEVICES
1693,Laptop
1694,Buying and upgrading a laptop
1695,"home, work office, online"
1696,Externals
1697,photographer
1698,These items can all be used with a camera/camera equipment such as lighting etc.
1699,install car cd player
1700,They have a sterio and a frame for the serio then a tv.
1701,Wifi related
1702,Home entertainment system
1703,TV media 
1704,navigation
1705,Gaming
1706,very nice one
1707,they are all electronic items. thank you
1708,accessorising digital camera
1709,Digital camera bundle
1710,different headphones
1711,computer related
1712,Photography
1713,Canon camera setup
1714,camera accessories
1715,Photography hardware
1716,similar products and for various accessories and related to each other
1717,audio devices
1718,Lighting for professional shootings
1719,Digital Photography
1720,have reliable audio peripherals with your ipad
1721,headphones
1722,MOBILE PHONE
1723,ipad keyboard
1724,Smartphone screen protector
1725,Adapters for electronic data transfer.
1726,HDD and Accessories
1727,Apple product compatibility
1728,Speakers connection/use relation to device's output experience for humans
1729,Audio
1730,External hard drive
1731,music player
1732,computer
1733,audio amplifier
1734,tablet cover
1735,laptop case
1736,monitor and accessories
1737,Photograph studio / set / photoshoot
1738,Computer or Laptop accessories
1739,Network devices
1740,Adaptors
1741,Equipment used to set up projector 
1742,for making a desktop pc
1743,Computer peripherals
1744,photography
1745,nice
1746,camera and accessories
1747,camera and accessories
1748,different sd cards
1749,camera accessories
