user ID,source ID
0,APUJJETAWMPEL
1,A1S23N3KJNL8D1
2,A2I1JZ1XHVIYDT
3,A3BSOFF9197B91
4,A2UBTMZRMMIVKB
5,A29C8XFEMS6P5W
6,A21HVJ0PJII4W9
7,A338P7ACIVMZ3Y
8,A3K0BCV7O25FJ7
9,A27WJ361KWT4BA
10,A2M23C190XXNL2
11,A2D2OL2HLC5MRN
12,A15NKZM1E4ITW4
13,A2N7HQSO32I41O
14,AKZQ7JW1BJZNX
15,A1LUJU60HJNLOK
16,A1YMK7AK1WQEOB
17,A3ACUHU6HYIGQW
18,A1OU618TWAU71T
19,A2VN9A89NJ9TPZ
20,A3SGZOPMUY00I1
21,AGS7NKPOWEY7F
22,A1MG6ZF21Q8IOJ
23,A2GNUHQZXV58U2
24,A37CRYCS7BLV5G
25,A1QMWAAECGTR3N
26,A2VNXWVLI7Q0L7
27,A3FXBKSJUNSHBQ
28,A3KGSYCQ2386UY
29,A3PA0NEZYYV4EK
30,A2FBAJRQLGWMPC
31,A5T9O7VGRUP30
32,A2VYJ2NFHWPXCS
33,A3SK706JX07LCS
34,AJRWI84GAXB4A
35,A1LQSWXDFRG023
36,A1EVBKYUXVRZB9
37,A3QR882SPE80QA
38,AJTZ1CZ8Z3NIN
39,AWH42AXMPSSCB
40,A1AP01L0DIYO9M
41,A1SBZ3DV0SD771
42,A3QSJI3SIIFAWO
43,A26JA23OGNWYET
44,A120II7I4P8HYD
45,A3J4HNTVG2NWUX
46,A2JY863VFJH3BF
47,A29SO3ZXU163FV
48,A13XUY6UEPCUI5
49,AFNVO9N8VIWH6
50,A3M2VYH6RDLTK9
51,A3NX4JB203J1FO
52,A31TATFOUPH32M
53,A3872Y2XH0YDX1
54,A14L5BFPEWGMS7
55,A33DY41X1F38ZR
56,A3L0LB6TTLADBA
57,A33FDG0XRF0W6V
58,ADSQBJ07R4B9B
59,A8A3RPQVX1DSZ
60,A108MEKIVSMXTY
61,A2VDNZHT7U6JLW
62,A219AL099ZVSBN
63,A2MQJHE4NM50DZ
64,A3SARB5FNNOIWT
65,A2BS6NUJ6Y8V32
66,A11A0HOOFIGWDZ
67,A3JHXCJFA67JWC
68,A3L2ZN2OU3B8OI
69,A17H7V8YEMQL0U
70,A3CKS926RQGPSP
71,A1EYOJWU4OBTYN
72,A1FTFUZ4BDOMFH
73,A1HYTTWBHIFQFL
74,A3C8DGSY0V8GPC
75,A1B0F7OO01ZAKP
76,AX8ANY1YCJ2QN
77,A22G8AYOGNAF36
78,A18WMLR2IW012E
79,A1BKZVPG946QQG
80,A3TSRKFUGTDUQ6
81,A1N2J5PBXY3C8T
82,A27WAME3JUE2TY
83,A3D2TOHMD8BQ25
84,A3FL9PYH1I3AHE
85,A2OY8ILYIJO1OW
86,AGGQG05G8KKHM
87,A12C8DF9XIAI9E
88,A3J3RKU0E99SN8
89,AWQUXJ5QGRASL
90,A3AFA8ONECC6FT
91,A1U92RHSCV4SW1
92,A1Z5AK8WS6NFS2
93,A2RCY1QDAC84SW
94,AF1KMQSBH5LRM
95,A5MKILTPX5N83
96,A15OVHJICQP3M6
97,A3TJ7A7FO4GM47
98,A3OXHLG6DIBRW8
99,A3OYO7B6SS7QLH
100,A19AEMQXRT4LFO
101,A2ML3T9GRSNH14
102,AS8VENYN17UTI
103,A2T3S3VTW65VO5
104,A3GMVA6EI4RPIP
105,A26FO149359I4B
106,A1AOZC2YVHFI60
107,A3T2ZYAUGZHR1N
108,A1WVM2Q803P61H
109,A1GGLUONWB3AFY
110,A1Q5GOPLE0XUN2
111,A1XBFRKD1X5V1G
112,A14C39Z91EYB66
113,A294BKN913UOGP
114,A158YH0GXUGSP0
115,A858YM1MMK9VR
116,A1ROVTGUTZ0OAM
117,A11G30M3LXQ2YI
118,A3HPSTR4C4GXNB
119,AZ75EKRL06IKY
120,A2QN9PQ0QAW6WB
121,A2AGQGYQ6UBVVX
122,A1ZWN625CQ7MCP
123,A1A2NFA3ZQ4Y4R
124,A25N3BTBCRJ9Q
125,AGA3XBDEVVXU4
126,AKW2RFTWMZ4W2
127,AML1QAEGF1904
128,A13BWI8FZMO5JM
129,A2SCNVW8FZHYBY
130,A1YKUXPFZHIHKP
131,A28T2ZPWI6DN84
132,A125QFN7DA9DXN
133,AFO1RAP2A3LID
134,APZL3GOSUM8NU
135,A2803OMIJE3F5Z
136,AQ4NZCOT8C64G
137,A3NI0FN4FL10C9
138,AGK1TFCSH70ZU
139,AZFC2TXUNI8WO
140,ANW6EGY12V5XS
141,A3MS8UN0LQP72L
142,AXR9PC2II8UCB
143,A2FQEKPPWTEMRM
144,A1JO57OLT9MBZY
145,A17I27TGHWWF0M
146,A38Q631TAJPPLL
147,A2EZ4VJ6UMBTIB
148,A18FNGAFMXIP6J
149,A3FI29MUC4D9AT
150,ABSGCT4OC70JY
151,A1TKDIQA9LC1T8
152,AKBSZF72V5YAL
153,A2OKL518T2182X
154,A1BZ6KHX4UXYB2
155,A2MPY75L9T5W6U
156,A28CTCDX9AHEVT
157,AINWKM7KK0MEY
158,A1RT97MMIFTKZ6
159,A3VNBV1613K5Q5
160,A28F9M4LF7DAWK
161,A1MFPAM9TTRTXN
162,A1WKB9D7SX19K8
163,A10WVNCSSCWEF5
164,A2RI7XPQUT8TFQ
165,A12YNMM14L1FI3
166,A14M8KF95EVD38
167,A2CGCATJ3T3VHY
168,A2LZ677SZMZ781
169,A2XW1QLZVLXZ6L
170,AULPO7XQIMZ79
171,A1IG9ZPDF61YK2
172,A3UTZHA1N00I5Z
173,A1YNVMZDIXEN02
174,A1EQ7USL20LYX7
175,A14BXZ2BXGLTXN
176,A3TSGBO8T8SGG8
177,APZENT0V05RJJ
178,A6ZNKA7PMWCHZ
179,A2WWTMIBEY2I41
180,A3P95KM65RH5ND
181,A2J1E850RCNIRM
182,A3QSQG7GMTVH7X
183,A2LO8LESF8JCFF
184,A3VWCQP7XS2JD
185,A2N4SU1O376NGJ
186,A2U2QJKJKJXS2G
187,A3AXXUSU4KJQ6R
188,A38RVWUJIG5NPM
189,A29O2ZI5UEFGM5
190,A2PZKYP833BLLS
191,AC5BX9NST7G6H
192,A25J4UES7MX0SM
193,A1XMNRX6G0ZS56
194,A3FEJ8H2VTN0OJ
195,AOYT4DSA6UK80
196,AH6TMNBKGT1L
197,A35JHHE1NW0DIK
198,A24GIIFYZ6LS76
199,A2ZABNH24KASQG
200,A2CT7L09TNULL0
201,A2Z3615P2LJ0HX
202,A34GNH5UIA6FAA
203,A15IFDUA6D146Q
204,A3G2IA6J9ZDA99
205,A2VCCN1W9STIZ2
206,A1SWE8ZAXSUJYK
207,A21Q6HK00IUFNE
208,A2PSIVW9I3TGHD
209,A1SZKB30IZ9ATW
210,A1YDNQJUJUJ9L2
211,A1C47EO3P9UKXJ
212,A3TMKO1DO08TQY
213,A15TETRTLA3BXI
214,A2GA0947486PH1
215,A385ZH0D4Y9Y75
216,A1OZCP9NPJSE1L
217,A1PYE0518HFGGZ
218,A2RVJBN5UAZCW2
219,A35I9FRW45NHJU
220,A1BB3Y66TQ3PN8
221,A2ZTFBXOPC6XMD
222,AHJGUEY9M2Z0R
223,A2F6Z1M52KM5JZ
224,A2DF3HMOROM045
225,AM166ERPJS1LR
226,A80JWH5US7F6T
227,A2A3BVJJP9IG4A
228,A2B99MIDZODUX2
229,AJ1F3V8S83H3K
230,A136CG81BB2M1X
231,A3I4T6FHOQYTBC
232,A33L642U90X200
233,A3UGN6YKGFP0RJ
234,A1WMLZ63JL8L5
235,A1MFO2DXH2C2B5
236,A1UF6C54H4SJF0
237,A3N1PDMHRMVEEQ
238,A1IRI4M6KXXG7Z
239,A1938SO1H3QC0T
240,A22Z163KK5FZ42
241,AJ0B1M3OODXVW
242,A3R120GW6QIICZ
243,A3MQDY1HLJRA80
244,A33FJOYLC54UH8
245,A8S3VHWFDXIVG
246,A2BAW3LTCQPDGU
247,A3GM8M42ZUFWLH
248,A1E6QJGMTJBR5T
249,A1FAETFXIWAELQ
250,AZ2X2P045ZFH2
251,AM0P3ALTG0A2J
252,AD6SFJ300NK7D
253,A17H4FTK8JD1C4
254,A2BHHK42NXC6EY
255,A1V60R3OJ8B89Y
256,A2SRZ41GSWNMOF
257,A1Z2N2ARY843PG
258,A2OA6UMKQ1Z744
259,A1OTIJIVZZCX8A
260,ASB7THP27C5SN
261,A33IOC7FY7647D
262,A2D2XDGLIBLUGO
263,A35JWG51KXPRJZ
264,A144O17EPTK44X
265,A3SCXV9UDKF0CP
266,A3LA8TLHN1IN6F
267,AH6GJKDYJGIMD
268,A3VFF0RDCVSUFD
269,A2KKP3KCOHQ5Q9
270,A37XF717849MJ2
271,AYTYUX9GXA7YM
272,A12B4U5L7QRE8Q
273,A2XL8ZWE503WEH
274,AS2WXW8LMIQCA
275,AG25MSE494RXR
276,A2RGWAVQES2YQV
277,A10C5CJK1YKGV0
278,A3S9O8H1RMFNFN
279,A3HRKASVG1EZ7D
280,AMP5WITG8PCCM
281,A1V9MPB6PCJQQK
282,A2OZ5GOI6MRHHI
283,A1LDBE1I4TIOLX
284,A7CHZJ7CACG5O
285,A30FAJKUJ7BW2X
286,AWC334QR1RUW6
287,A1RZ6561OKCQIN
288,A1L04XZ7MTAI7Z
289,A3L0JLM9CB0IW0
290,A20NK9EQQJOMAV
291,A22MANL4US4RMY
292,A1GVZZDA5Y70EG
293,AOM6Z4H67A9LB
294,ALB894JIWQBG2
295,A2X245YLFCZYO9
296,A31M3K1VMO6DCF
297,A2YHZPPUWE2ZBG
298,A190NX1MOJNAZF
299,A2IO1RJVOT1LDO
300,A1KYA9UZYF1E3B
301,AWCZRCQRREN9P
302,A5Q417Y053UDJ
303,A3J4BYNLIX7O4T
304,AVZAM09TI402C
305,A293A563YNRLUO
306,A32PGYC9NKXIY7
307,AO630F0LUIUAZ
308,A3D70TIXB6IPUP
309,A10FJHZM0W0Y02
310,A1EFXT3KQYCYEW
311,AL0ULWT4NU4V5
312,A12HNZOZW127W4
313,A2D1JPNLBNWUHO
314,A3RAF6C7ZJIDR3
315,AZXHVNTX3QKX2
316,ASMU23BP5H7A4
317,A24PZQZ6FYQLVV
318,A1KHW0SL0H33TW
319,APP1OJ6KVJ0WB
320,A3ILZATF7EVK3J
321,A3G7BC1IGTAMZP
322,A1NUCEER8KMIQN
323,A39CPWA9F3FS9V
324,A3U97QF29KHLJQ
325,A1U1K0XQ396C2X
326,A2H8ZU23A7BVOS
327,APOLIIOGVR8QZ
328,A19STNR2ENB7R1
329,A1C78DGC7X7TBM
330,A24PV6186QTW5D
331,A2IFZ00ICAERE4
332,A2ODBVS6MCKZM2
333,AALI71A7WN4EK
334,A1EHKCRJW6RUMI
335,A1GYV9PJ0U8ERX
336,A39WAZX36K74HR
337,A801LG6QTIIW4
338,A1UOKTRV5FEJQ4
339,AQDBNNXVK21B4
340,A10UQMP642WH7F
341,A39H8B6CTVS93P
342,A1S25I9QLXWVDA
343,A1TWDOPZP8XH8F
344,A367YWD3ENAJTS
345,A37CLG01YPSQKJ
346,A2PJ9OQMYI6ST3
347,AKS22VSQKC9VD
348,A3S587SN0B88Z8
349,A31HJAE2E3R1LX
350,A1VLQ94K7XXW0G
351,ABJLLOC9LSTCL
352,A2BYYAC37POD57
353,A4R7UMAA54L2C
354,ARX7Z3NI6O0F7
355,AU9D9T2WGLNBJ
356,AFJA94LR5C6VP
357,A28IYAG424CIA6
358,A3A15VPD3R4X70
359,A3PT3YQ5U67BX2
360,A169QOHWKDHNPM
361,AXMYALGCHT6RI
362,A1GWMEVSQ8A5X3
363,AT9DTNG2NIR1Y
364,A3OEFBW8NM7MNI
365,A1H5QUXWRZA55I
366,A2C93NBPMUJ8CY
367,AR2N6IOOUDV03
368,A2JDKCTVRD7ZGY
369,A2CM3WRWPYTRJT
370,A2HOL4M058P9B1
371,A2GOVL5LV8EODB
372,A1B1CQS9T5STER
373,A8EL45N7HNRL2
374,A137QQ4E6G1HYX
375,A2Q4O7IE8P2JPU
376,A2KQS1LOOWPAKT
377,A17ERWBXZKU9OT
378,AFAUCPX78A8AC
379,AWTOC4VJ79AJD
380,A2RN1I1D9HDFMS
381,A2J740RDIZVRXK
382,A1NME0UYV70NIP
383,A3KNPQ64LHQCDX
384,A33KEMSSS7VCNR
385,AXPS8DRX65D0W
386,A7IJ9JDSYW4L2
387,A1XZGJLTKRNMPI
388,AA3FYXOS0F73Z
389,A3BXFVWIICAR9
390,A3NWQCWBTZT2OG
391,A2HIHVTEXRCTN1
392,A1I7VLGTONICKP
393,A3GJZIH58UCNYX
394,A9IJDAP1KCBLN
395,A1EVV74UQYVKRY
396,A1W21S90ABZ05B
397,A3NCVT0TE6GC4O
398,A3RH8D7NKLP2JS
399,A3JJ222HEKM10R
400,AD22IPM1PM9NA
401,A2TNAFIVKHR2I3
402,A2OSNLN1QCO0QD
403,ASF2XQDAUW073
404,A2B2F5M8LRT111
405,A15PNG5DK1C4AW
406,AUQL0H1CVZR7F
407,A3I5HGGQZGO82T
408,A1JT7SG36391B8
409,A1V05GCUK5VF1G
410,A2DZOD7DCQJ7I5
411,A3MEFKUXBSDSEA
412,AG2SVK72GTWRW
413,A2YD6L90QO4OSM
414,A2PPYZC1KR5Y3X
415,A3JKX242II92WX
416,A2OKXUOIUOIX6C
417,A3169ZUL2I57NO
418,A2TS52KII5BIDH
419,A27IR2Y70H8YZR
420,A1FTI4E3ZJVBY4
421,A2KIA7JQRIDW94
422,AZPDO6FLSMLFP
423,A9SD4CK3KOIG1
424,A29PE8R32252G5
425,AMXYPWNFH0LDG
426,A2P5IW6KAGGNI3
427,A3LH5KWC41O5PV
428,A3IL56B141IJMS
429,A2CWUM49ZWMGEY
430,A1A01KR919J8T0
431,A2GYGNXGFOKGVN
432,A24L7CNCQY0FT4
433,APPRSB3QEMGOP
434,A3F2O54PGT35C4
435,A2QHNMTWEPBE1A
436,A567OJ58X2WX9
437,A2R2TWJSOEH0CI
438,A3HZYMMVCOOXPM
439,A2NSDMGELLV72D
440,A3ATCJCR87BZPQ
441,A3UXW2QEBI7OKT
442,A4II5QC3A1HCR
443,AVR17J55VUO7L
444,A2O8G809WTL81J
445,A16IGL2JA5C4QK
446,A3FC60TVWGIARX
447,A1840UKLOA2IWA
448,A1R0QNHP1CPJTY
449,A1OXM6OKMTOUQN
450,A2ODOC2TX8N52X
451,A3RECUI5M2T7I6
452,A2LQYPB89263DK
453,A1UFVCXS7GX449
454,A2NZVT94H2AY1W
455,A1FW73QSEC6IY1
456,A21NS06GDEA3V0
457,A2MEAB03HAVTMA
458,A2OBOYNKOUJBZ3
459,A2H3OAHNLXWSLJ
460,AMO1CR5KN8T4P
461,A1W6I4E838PMY5
462,A3UI5JZCU0F2AQ
463,A2829TJR05768L
464,A1AZPX8UIM3MLO
465,A352Q286VM04K0
466,A1JNCHGXSHBGOQ
467,A1DC5B4BK21AFP
468,A3ER6ARJ23CIN8
469,A3FH8B70YEN28W
470,AJFQYHQVBJN5M
471,A6S9AKRSORG2G
472,AXQORTTMV7YZA
473,A3B7R0P6E0S0TM
474,A22119ECY874M5
475,AMLG4TGB6JTFF
476,ARKMN3KFA6I29
477,A3PSCL2RXFINQ0
478,A2VSNUK7YLRKRE
479,AVLLQTJR38SVY
480,AA0W026LTCKEK
481,A1WWD1YCBCIUDP
482,A2S2B5JX5398D1
483,A3J947FV8AGTC4
484,A3H9HFKDB4TSS3
485,A2U5CDZ10B274L
486,A3U1BZEMTXOA1B
487,A22JENZSWDY8A5
488,AIH5MD2VNF8C3
489,AO5C8TPFTNT4H
490,AVNLQK85B5FAY
491,A1QH4BP19P88IO
492,ARS5AVXUVTAA4
493,A483FTU3OUYG
494,A3IYBHK1AXRK0J
495,A1UES1O9XODJJ3
496,A37B0AKSL2MWB7
497,A1NQB14ACIUCQI
498,A23FM0S3J3JYAL
499,AHAUYBY4E4TVD
500,A18GXFQ9IDLDL7
501,A3CK4DZJ8PJZ2W
502,A4BGWTZK5DM9Q
503,A4PCG6ZN4QMJ3
504,A1Q3SA4Z1XCSCE
505,A3UZXG7SDH24MT
506,A17VBE138ECW73
507,A3VNSO7A67GIU0
508,A1893QRAKFF3S4
509,AX6257JQVCIQH
510,A3TSNGJFAWL8TS
511,ASUP0KL2AY1N1
512,AKPM258TNQKAQ
513,A37PYRLZNIBP8J
514,AL3JCDQ3DTGFE
515,AS3MF6NZFDUZ1
516,A2Q26HRRX0VW0N
517,ADRB467C41C32
518,A2CF8VSTKKIRJX
519,A1D3CJ9QKBXC1Y
520,A3CFU12GS5CZCN
521,A1VNUU48CSSRSY
522,A1UJA50HEURMF9
523,AIRBXPHZLMOI7
524,A22TLKW88ZDSB4
525,A3VV6SV0Z2HNTA
526,AQV0NWB0Z5OVS
527,A4CEW3GK35AGS
528,AQFIN342CUSRL
529,A2MBYDJV2VGHMO
530,A335RS5O80RITT
531,A39IPX91QTUFSZ
532,A7WBN2UA742J5
533,A3D5EN5QZ4Y2XY
534,A7V9JH8XGSP0X
535,A1DOUIXIDRMPO6
536,A3FA97XQ5017TH
537,A1GKX1IWPJBCQN
538,A21PGD34NAXXO8
539,A3MI47O6BIIC7K
540,AXC02IGKBDL1Z
541,A180CABGEOXP9F
542,A21H4R2TIHTYXL
543,AMFNYQGNBUU0Q
544,A1IEBOMNHRA2U5
545,A1QSXRCQPWOTHU
546,A3CS5IHXU2TL53
547,A1X3H6FGOJ944R
548,A1G400PG7Z8E3I
549,AQIYMF4X90D8E
550,A2SNBPFCOWRSQJ
551,A101RMTZ93J1KH
552,A3D4J9TV83EQ31
553,A177K9LNF6X3LF
554,A13PKCWW3W5WJ4
555,A1PLSNRNVDK504
556,A3SKIHZ2SHIYMY
557,A2CCN79NZT5PKM
558,A1ZV2JA66U5XRX
559,A145XT9CBV9U4F
560,ARINFZA4SE8YY
561,A3HQKJ7S1U19P7
562,A3OL48K0OQ7DH1
563,ARVSAC802DJ1X
564,A1BBLQ702QKLY1
565,ADOVS5KA4XGBO
566,A1O8BS2HKE5Y0O
567,A1X8OP6LC264OM
568,ABIKTDO5U8Y96
569,A2Y5TQAQ15UJMR
570,A2QGHJCG9IZFO6
571,A2E9EPIMO5DC4H
572,AC51B3QQ96YMM
573,A3SMW7RDCEUJ24
574,A3AGSR5L4Q0S1J
575,A11G2YU005NM6U
576,A2UBZLP1QASZ4X
577,A2VKIUFNI9NQX6
578,A2OJ6Q195FE6R6
579,A1C9B47FO414VX
580,A3IHWICYYLKRIW
581,A21LDGIEAVN45L
582,A37DMII9M4O14Z
583,AJBMB2VV26F4K
584,A3LZIMOE4ALOZO
585,A1AP8CQJDBSK4H
586,A1I6SG3D98FZAL
587,A34JAIPV9ZAE5G
588,AKDQONDXN72MW
589,A1QZ3KNDEXCZFH
590,A1N5V0I0FY7WIE
591,AWWF67GJYD5GJ
592,AJBR9JXT2TI4Z
593,A3O1DI7R4INCNX
594,A2ORN6OVPR7QOP
595,AN6CB6QZYJCUR
596,A1IMK99FD7RPOL
597,A29HCGW8OEGUEU
598,A38Q34YVAJX8I5
599,A2RT3GQ9ZBCOR0
600,A2KJN2YNRIMA9T
601,A1VZ6LPIV8I1R5
602,AEPF1B37JPF6Q
603,A2XS1EVB21CI39
604,A1KYWCVC2KW5YZ
605,A10G5L69E4OCML
606,A14I1F2H7NOYDC
607,A135NPSB2IANVO
608,A1MGAFP2H3PX9I
609,A3FPHIHUNF2AZ9
610,A33IYAO1F283L7
611,AJEF8A1QFWTWL
612,A3RTSOKXIO13BA
613,A24H1KWT2YM078
614,ACCM56ZRXGVYB
615,A3VK955V7IAG5L
616,A1AP1S8NOW9SGR
617,A2EFCX9411LUAK
618,A3A5R0PQH09SD1
619,AF4X6HPAJ7KA8
620,A2WR59I4G9ZHJG
621,AM4R4854BG5Z2
622,ACE7S7WVSHIIU
623,A2ECLEVAXGZQT7
624,A3U1PLAF04R3LH
625,A2RLL7BESPS3RR
626,A2SUMPLB7PKAF
627,A5I1A14H0O45W
628,A3M9QU7SV3EOC2
629,A1Z7U9K6X3FEOU
630,AMV3VLD9A6XVM
631,A1ZPYISV1IKQ5O
632,A3RSEKX04U524Z
633,AEL7MCK495E0O
634,A3ALIYSLFFNT8P
635,AYXXVPFF5F8K7
636,AAQ9NJ480N9W5
637,A3SQ3W73LZECJV
638,A19Z247MKD6TMK
639,A31P9DWMMUGCQO
640,A22WMZMHRAR43Z
641,A2HRN7YQ5TQ5VT
642,AI41T75WNFKBF
643,A6DYONSCHYFV4
644,AFFVCQFX2NJR1
645,A3LM4LWX9M14BI
646,A2TFDW1NMZV233
647,AYE71ZVLX6PFA
648,A3KPANYN99NBF2
649,A3I3LYRV37ISY7
650,A3QJ5MRU49L5D6
651,A1JHGHQW6YCOZ0
652,A1WUYBKY2C92MA
653,A4G4MU9DUP834
654,AKNZEWE9NCUHQ
655,A25NAXTUXCU27L
656,A1RHGZOBDC3WQF
657,A356IKAIJRSB0M
658,A1WHIKDWDU582Y
659,A31A96J8W51G05
660,A32PPV91DD8QDW
661,A28OTEB0YBEUC
662,AY2K8CFKGCF05
663,ASK6BWWI2CHOP
664,A2P43L9EEWS23N
665,AEFUN4AXMSICO
666,AXL2BEUYH0SVM
667,A2I5E6ZTU3X3VJ
668,AV2B1N71FGB2I
669,A33JSOFSXBW75I
670,A2Q68X3CN0VZLX
671,A1V2PLQ3G3RKZ9
672,A3G7D7GZUQ4BIL
673,A10L25K2V4FR07
674,A1E9AJSWLKWCVR
675,AAW7X3GRD8GY9
676,A1VPXTFAKTEDTV
677,A3TS51YX77GB3X
678,AUAETP9M2T3KE
679,A34OTQL221SKGZ
680,A29HISBJ24WR4N
681,A2JZU6Q2M83FZ
682,A24VSMLL33G41Z
683,A2D4BUJSDL2X6F
684,A2XV6RZ35DV49R
685,A1WG97A0EFHYXN
686,A3T1FH8VVJ6R07
687,A1GJGQAEQCFZB0
688,A1TJOHRJTSF7BH
689,A39NEMK0UIVUI4
690,A1HAFX7OWJRA6G
691,ATSVUBE2115N1
692,AG5WSXI52FPKH
693,A2MFQ808H4C6YS
694,A10GZZB82FLZFU
695,A3AC6O5QPKB3VX
696,AX9DNX8UDPOUF
697,ARBKYIVNYWK3C
698,A3QU5OILKT9T0M
699,A1MW5MBW4Y4WON
700,AH2HPZMJ52MFB
701,A370XYLIZCSK1Y
702,A1ELRK2B7CWEW6
703,AQ40ODNL6F1C8
704,A6BUCEX4NOM2E
705,A14399DQBS4QD1
706,A12I1E0HR3BKY7
707,A3EJZJQCMRRFT2
708,A1TIT0FUFDKEFO
709,A1URW3IEB35605
710,A21UK9CHMCGLWN
711,A60YS668FJIZS
712,A34KWAUVM17YXM
713,A3BIUVACFBRBGX
714,A11V71A6LIDTH
715,A1DRP5P7YOYR38
716,A11AA01YRZT8DP
717,A9THXQSJHH18F
718,A2R1MSD6OMF7V3
719,APBTROUF4UK5T
720,AE1SRLTQI4VDH
721,ARQZQ0TZCYRMH
722,A3QQD3FLW443ZP
723,A2YNNI056CSU6A
724,AO652N5KNRRYY
725,AOYZWX4I1LA44
726,A6SBD3Z3J0MD6
727,A2VXLJTORB33N8
728,A1F3157LAOJ6B5
729,A2G0P0GPNZM5IU
730,A2N8V0RJRUXULB
731,A5X444UZBWXW2
732,A2PX0FRLGILQJ0
733,A3TE5PIW2EC51G
734,AN9FFU7XP6TL5
735,A1DMY0PRBN68WQ
736,A1THNW9Y672UWG
737,A1XDUE8UY4QOK4
738,A2T1OLYFY6XTE1
739,A1TJ5YGFH3Y0DR
740,A295D212N7X0Y9
741,ATNEZRMTLQQ6N
742,AQKB53Z700U72
743,A10HA2WMZC4TJR
744,A3O79REA6GEZ94
745,A2OFOUA4N2WW1L
746,A1YG045L8SBK6T
747,A18CHX8FUO68ON
748,A24P4E3RJ6AX94
749,A3LNJSJLIPV9RQ
750,A3N1ZFL4TNWUIM
751,A2L1T6Y8POZWCI
752,ADRP1OAW0ZI2Q
753,A2D2I3L5XBLO84
754,A2AFUXYFWJOFU
755,ARQOKRWJ4R799
756,A2SS3EF3YIGJ4L
757,A1JHYXRIWK30O6
758,A2EE9PIFYFGX7L
759,A34O0KQV4QXWNQ
760,A1DTF64DTHRNHF
761,A3VPA06B0YBJIC
762,A2VSQYMFJOT87R
763,A3H52C6JQFNANR
764,AR6Z0TXOVR3TO
765,A3I3YR0218ZNJA
766,A1P3K0O8H99UQQ
767,A29CGU5G2YWZZ2
768,AL1IEAG8ORLL3
769,A36KFUYRCMMSM
770,A3RML23W0UA5B3
771,A1RSVNW6JMFOKZ
772,A4PYOAQ2GH8FQ
773,A123WY8YDKMITU
774,A1R6DJ8NYGTLOF
775,A1TWTV8PCHSYJT
776,A3R1PPCNVYP3P5
777,A1FOSIV4TWZFR7
778,A30UHOWN6ZAR18
779,A2RNCCOXUP695
780,A1RIZGMH2CE6MU
781,ADVP9UK4HZ1UD
782,A2HCHU60G30OFD
783,A2NRCDZ8H01TTH
784,A16RINZ1Y557VG
785,A3UKIMS698FI6J
786,A4WEZJOIZIV4U
787,A27AWHMVP9FXYF
788,AQFO8JP0OAL03
789,A13J9VNUNVNVXT
790,AEZIYSTR1GZLF
791,A3UVGOODLUKO4A
792,AFFFKYHS1HICH
793,A3BXCJEFF1LUOE
794,A2DBCMB95OXWFG
795,A3VJU6P3QN3T8
796,A96TVYCTIM44J
797,A38KM1Y911FBTO
798,A1HR80YROIT2AY
799,A84VS1GJ2V5Y
800,A2RQZOJ7J6RO7N
801,A1IGL049RAKFJP
802,A1J1GI9JV9CFW8
803,A2U7L091GVMVJ1
804,A1DEUQXSLXAA3H
805,A3R52J21NWLWW2
806,A1IEE4FZU0ITXU
807,A2RAGE340KEF9M
808,A3DP6YABF021KP
809,A3QFOVQ3AHOC88
810,A2E7CF67MQ982Q
811,AK8SW2H4XXR2M
812,A1V53T5C4DWVB6
813,A3U73EPPGT4NU4
814,A396ELNTQDFYPO
815,A1CPRP3VFJRS1R
816,A22IMD4CG2M29V
817,A1AZ77FO8JZERZ
818,A27912HF0D4LRU
819,AU23IVEPBNZ4J
820,A36ENG8L4MY7WF
821,A116GZIYEJG592
822,AC9QEWWN4W9MC
823,AQY5SQ3VSG224
824,A350IIQDMYY8IT
825,A1S4K27ICJRKY3
826,A379SJMF93CVYZ
827,AKRNGCDD9833G
828,A39N6IZKYSPK4H
829,A3DTUC3H3DL6TZ
830,A2SYF8Q0QEY098
831,A1KEWML9VG530V
832,A3IR2J8CYSNLRE
833,A2Q9JKXADL7J87
834,A1LBN7NBE3ONGG
835,A67PYF0LNR3Q7
836,ABJ2HFAOLOGG3
837,A2CXM6K4RVZH1H
838,A3TIJQPOMLWQHI
839,A2RDUF3TGJLUHO
840,A2K0DEE5N5NVBW
841,A1MFN7I3V18QDZ
842,A28NUVW3358ASI
843,A1LLTQ0YJUJ3W7
844,ALMMCN6VHRB0F
845,A2DGK3VPJXWT22
846,A3B9LR3EQI85P8
847,AWA9LFBHIQMJ2
848,AO18DENVYWYS
849,A1YWQEMFGJRV7
850,AQ80JL97F1CFC
851,A24QAGA336SUG9
852,A1L7DWC5NTOH0E
853,A3T6CO6C92QONO
854,AQ9I3MAMCEAFN
855,A19F76K4B5F3JS
856,A4M9A0TACFVWE
857,A386ZN00XISN18
858,A1I7QXZLOHHZEU
859,A2UD6IFPI2X3K0
860,A1D1OFE4SC15E0
861,ACL6H8Q17XQPN
862,A1JNT5EXI61266
863,A3RH4444GIBZFL
864,A3LJ5MZ3PCK1QK
865,A2KGASL8ZZRX90
866,A2UELJ0I8UTG15
867,A3DK1J27T801RB
868,A3T0A7FRLIA4PT
869,A1BNQTKK2VRO8G
870,A46UK05OVOHAQ
871,A1NFBRRVUAZA40
872,A3MAT1NQF6UC4O
873,A3D7GPKB8WZZTG
874,ASAA8X9G4DRQH
875,AX7ATBGHEH2SK
876,A2YCJFR7D7BUPR
877,A1HNQSBD89W1G9
878,A2E8FKPFV98B8T
879,A39LRXD7THXB4B
880,A1GTTOV08THS9Z
881,ARBCOEQNK389G
882,A2AGI5DX5BKE7I
883,A1OWRBFF7SSY5K
884,AQOY334UL0B95
885,A12OSDV4QJGAZ1
886,A3B2QVWXMI7GK8
887,A1WSUHYNOTI0NQ
